AFG;k;Kabul/Pol'e'Charkhi
AFG;x;Khost
AFG;y;Kabul/Yakatut
AFS;;Meyerton
AFS;ct;Cape Town
AFS;j;Johannesburg
AGL;L;Luena
AGL;lu;Luanda Radio
AGL;m;Luanda Mulenvos
AIA;;The Valley
ALB;c;Cerrik
ALB;f;Fllake
ALB;s;Shijiak
ALG;ad;Adrar
ALG;al;Algiers
ALG;an;Annaba
ALG;b;Béchar
ALG;fk;F'Kirina
ALG;o;Ouargla
ALG;of;Ouled Fayet
ALG;or;Oran
ALG;r;Reggane
ALG;s;In Salah
ALG;t;Tindouf
ALG;tm;Timimoun
ALS;an;Annette
ALS;ap;Anchor Point
ALS;ba;Barrow
ALS;cb;Cold Bay
ALS;e;Elmendorf AFB
ALS;g;Gakona
ALS;k;Kodiak
ALS;ks;King Salmon
ALS;no;Nome
ARG;b;Buenos Aires
ARG;co;Córdoba
ARG;cr;Comodoro Rivadavia (Navy)
ARG;cv;Comodoro Rivadavia (Air)
ARG;e;Ezeiza
ARG;g;General Pacheco
ARG;mp;Mar del Plata
ARG;r;Resistencia
ARG;xx;Unknown
ARM;;Gavar
ARM;y;Yerevan
ARS;j;Jeddah
ARS;jr;Jiddah Radio
ARS;jz;Jazan
ARS;nj;Najran
ARS;r;Riyadh
ASC;;Ascension
ATA;e;Base Esperanza
ATA;f;Bahia Fildes
ATA;ma;Maramio Base
AUS;a;Alice Springs NT
AUS;ae;Aero site
AUS;al;Alice Springs NT
AUS;as;Alice Springs NT
AUS;at;Alice Springs NT
AUS;av;Alice Springs Velodrome NT
AUS;b;Brandon QL
AUS;be;Bendigo VIC
AUS;bm;Broadmeadows VIC
AUS;c;Charleville QL
AUS;ca;Casino NSW
AUS;ch;VKS737 Charter Towers QLD
AUS;cl;RFDS Charleville QLD
AUS;ct;VKS737 Charter Towers QLD
AUS;cv;RFDS Carnarvon WA
AUS;du;Dural/Sydney NSW
AUS;ee;VKS737 Adelaide/Elizabeth East SA
AUS;ex;Exmouth WA
AUS;g;Gunnedah NSW
AUS;h;Humpty Doo NT
AUS;hc;Halls Creek NSW
AUS;hp;Hurlstone Park, Sydney NSW
AUS;il;VKS737 Alice Springs NT
AUS;in;Innisfail QL
AUS;ka;Katherine NT
AUS;kd;RFDS Kuranda QLD
AUS;ku;Kununurra WA
AUS;kw;Kununurra WA
AUS;L;Sydney-Leppington NSW
AUS;m;Macleay Island QL
AUS;ma;Manilla NSW
AUS;md;Mareeba QL
AUS;mi;RFDS Mount Isa QLD
AUS;mk;RFDS Meekatharra WA
AUS;n;Ningi QL
AUS;nc;VKS737 Newcastle/Edgeworth NSW
AUS;pc;Perth/Chittering WA
AUS;pe;Penong SA
AUS;pw;VKS737 Perth/Wanneroo WA
AUS;ri;Russell Island QL
AUS;rm;Roma QL
AUS;rz;Razorback NSW
AUS;s;Shepparton VIC
AUS;sa;Shepparton-Ardmona VIC
AUS;sb;VKS737 Stawell VIC
AUS;sf;Schofields, Western Sydney
AUS;sm;St Mary's, Sydney NSW
AUS;st;VKS737 St Marys TAS
AUS;t;Tennant Creek NT
AUS;va;VKS737 Adelaide/Virginia SA
AUS;vs;VKS737
AUS;w;Wiluna WA
AUS;ww;Wee Waa NSW
AUT;;Moosbrunn
AZE;b;Baku
AZE;g;Gäncä
AZE;s;Stepanakert
AZR;ho;Horta
AZR;lj;Lajes Field
AZR;sm;Santa Maria
B;a;Porto Alegre, RS
B;ag;Araguaína, TO
B;am;Amparo, SP
B;an;Anápolis, GO
B;ap;Aparecida, SP
B;ar;Araraquara, SP
B;b;Brasilia, DF
B;be;Belém, PA
B;bh;Belo Horizonte, MG
B;br;Braganca, PA
B;bt;Belém, PA
B;bv;Boa Vista, RR
B;c;Contagem/Belo Horizonte, MG
B;ca;Campo Largo, PR
B;cb;Camboriú, SC
B;cc;Cáceres, MT
B;cg;Campo Grande, MS
B;Cg;Campo Grande, MS
B;cl;Cabedelo, PB
B;cm;Campinas, SP
B;cn;Congonhas, MG
B;co;Coari, AM
B;cp;Cachoeira Paulista, SP
B;Cp;Cachoeira Paulista, SP
B;cs;Cruzeiro do Sul, AC
B;cu;Curitiba, PR
B;cv;Cuiabá, MT
B;c2;Curitiba, PR
B;E;Esteio, RS
B;e;Esteio, RS
B;f;Foz do Iguacu, PR
B;fl;Florianópolis, SC
B;fp;Florianópolis Comboriú, SC
B;g;Guarujá, SP
B;gb;Guaíba, RS
B;gc;Sao Gabriel de Cachoeira, AM
B;gm;Guajará/Mirim, RO
B;go;Goiânia
B;gu;Guarulhos, SP
B;h;Belo Horizonte, MG
B;ib;Ibitinga, SP
B;it;Itapevi, SP
B;ld;Londrina, PR
B;li;Limeira, SP
B;lj;Lajeado, RS
B;lo;Londrina, PR
B;m;Manaus, AM
B;ma;Manaus, AM
B;mc;Macapá, AP
B;mg;Manaus Radio Globo, AM
B;mi;Marília, SP
B;mm;São Mateus do Maranhão
B;mo;Mogi das Cruces, SP
B;mp;Mirandópolis, SP
B;mr;Manaus Radio Rio Mar, AM
B;ob;Óbidos, PA
B;os;Osasco, SP
B;pa;Parintins, AM
B;pc;Pocos da Caldas, MG
B;pe;Petrolina, PE
B;pi;Piraquara, PR
B;pv;Porto Velho, RO
B;r;Rio de Janeiro, RJ
B;rb;Rio Branco, AC
B;rc;Rio de Janeiro , RJ
B;re;Recife, PE
B;rj;Rio de Janeiro, RJ
B;ro;Rio de Janeiro, RJ
B;rp;Ribeirão Preto, SP
B;rs;Rio de Janeiro, RJ
B;rw;Rio de Janeiro, RJ
B;sa;Santarém, PA
B;sb;Sao Paulo, SP
B;sc;Sao Paulo, SP
B;se;Senador Guiomard, AC
B;sg;Sao Paulo, SP
B;sj;Sao Paulo, SP
B;sm;Santa Maria, RS
B;so;Sorocaba, SP
B;sr;Sao Paulo, SP
B;sy;Sao Paulo, SP
B;sz;Sao Paulo, SP
B;ta;Taubaté, SP
B;te;Teresina, PI
B;tf;Tefé, AM
B;vi;Vitória, ES
B;x;Xapuri, AC
B;xm;Unknown Maranhão
B;xn;Unknown Paraná
B;xp;Unknown Paraíba
B;xx;Unknown
BEL;o;Oostende
BEL;r;Ruiselede
BEL;w;Wingene
BEN;c;Cotonou
BEN;p;Parakou
BER;h;Bermuda Harbour
BES;;Bonaire
BFA;;Ouagadougou
BGD;d;Dhaka/Dhamrai
BGD;k;Dhaka/Khabirpur
BGD;s;Dhaka/Savar
BHR;a;Abu Hayan
BHR;m;Al Muharraq
BIH;b;Bijeljina
BIH;z;Zavidovici
BIO;;Diego Garcia
BLR;;Minsk
BLR;b;Brest
BLR;g;Hrodna/Grodno
BLR;m;Mahiliou/Mogilev
BLR;mo;Molodechno/Vileyka
BLR;vi;Vitebsk
BLR;xx;Unknown
BOL;ay;Santa Ana del Yacuma
BOL;cb;Cochabamba
BOL;p;La Paz
BOL;ri;Riberalta
BOL;sc;Santa Cruz
BOL;sz;Santa Cruz Airport
BOL;uy;Uyuni
BOL;yu;Yura
BOT;;Mopeng Hill
BTN;;Thimphu
BUL;bg;Blagoevgrad
BUL;bk;Bankya
BUL;do;Doulovo
BUL;kj;Kardjali
BUL;p;Plovdiv
BUL;pe;Petrich
BUL;s;Kostinbrod
BUL;sa;Samuil
BUL;sl;Salmanovo
BUL;tv;Targovishte
BUL;va;Varna
BUL;vi;Vidin
BUL;vk;Vakarel
CAF;ba;Bangui
CAF;bo;Boali
CAN;al;Aldergrove BC
CAN;ap;Amphitrite Point BC
CAN;c;Calgary AB
CAN;cb;Cambridge Bay NU
CAN;cc;Churchill MB
CAN;ch;Coral Harbour NU
CAN;cr;Cap des Rosiers
CAN;cw;Cartwright NL
CAN;di;Digby Island BC
CAN;ex;Essex County ON
CAN;fg;CFG8525 ON
CAN;g;Gander NL
CAN;h;Halifax NS
CAN;hd;Hopedale NL
CAN;hp;Hunter Point BC
CAN;hr;Hay River
CAN;hx;Halifax CFH NS
CAN;i;Iqaluit NU
CAN;in;Inuvik NWT
CAN;j;St John's NL
CAN;k;Killiniq/Killinek NU
CAN;ki;Kingsburg NS
CAN;lp;Lockeport NS
CAN;lv;La Vernière QC
CAN;na;Natashquan QC
CAN;o;Ottawa ON
CAN;pc;Port Caledonia NS
CAN;r;Resolute NU
CAN;sa;St Anthony NL
CAN;sj;St John's NL
CAN;sl;St Lawrence NL
CAN;sm;Sambro NS
CAN;sv;Stephenville NL
CAN;t;Toronto ON
CAN;tr;Trenton ON
CAN;tr2;Trenton Receiver Site ON
CAN;v;Vancouver BC
CAN;ym;Yarmouth/Chebogue NS
CBG;ka;Kandal
CHL;a;Antofagasta
CHL;e;Radio Esperanza
CHL;fx;Bahia Felix
CHL;gc;General Carrera
CHL;jf;Juan Fernández
CHL;pa;Punta Arenas
CHL;pm;Puerto Montt
CHL;q;Isla de Pascua
CHL;s;Santiago
CHL;t;Talagante
CHL;tq;Talahuano
CHL;v;Valparaiso
CHL;w;Wollaston Island
CHN;a;Baoji/Xinjie
CHN;as;Baoji/Sifangshan
CHN;b;Beijing/Matoucun
CHN;B;Beijing/Chaoyang
CHN;bd;Beijing/Doudian
CHN;bm;Beijing BAF
CHN;bs;Beijing 3SD
CHN;b0;Basuo, Hainan
CHN;c;Chengdu
CHN;cc;Changchun
CHN;ch;Changzhou Henglinchen
CHN;d;Dongfang
CHN;da;Dalian
CHN;db;Dongfang
CHN;de;Dehong
CHN;e;Gejiu
CHN;eb;Beijing/Posolstvo
CHN;f;Fuzhou
CHN;fz;Fuzhou/Mawei
CHN;g;Gannan
CHN;gu;Gutian/Xincheng
CHN;gx;Guangzhou
CHN;gy;Guiyang
CHN;gz;Guangzhou/Huadu
CHN;h;Hohhot
CHN;ha;Hailar 
CHN;hd;Huadian
CHN;he;Hezuo
CHN;hh;Hohhot/Yijianfang
CHN;hk;Haikou
CHN;hu;Hutubi
CHN;j;Jinhua
CHN;k;Kunming/Anning
CHN;ka;Kashi
CHN;kl;Kunming/Lantao
CHN;L;Lingshi 
CHN;ly;Lianyungang
CHN;n;Nanning
CHN;nj;Nanjing
CHN;nm;Nei Menggu
CHN;p;Pucheng
CHN;pt;Putian
CHN;q;Geermu/Golmud
CHN;qq;Qiqihar
CHN;qz;Quanzhou
CHN;s;Shijiazhuang
CHN;sg;Shanghai/Taopuzhen
CHN;sh;Shanghai
CHN;sn;Sanya 
CHN;sq;Shangqiu
CHN;st;Shantou
CHN;sw;Nanping/Shaowu
CHN;sy;Shuangyashan
CHN;t;Tibet/Lhasa
CHN;tj;Tianjin
CHN;u;Urumqi
CHN;uc;Urumqi/Changji
CHN;x;Xian
CHN;xc;Xichang
CHN;xd;Xiamen
CHN;xg;Xining 
CHN;xm;Xiamen
CHN;xt;Xiangtan
CHN;xw;Xuanwei
CHN;xx;Unknown
CHN;xy;Xingyang
CHN;xz;Xinzhaicun
CHN;ya;Yanbian
CHN;yt;Yantai
CHN;zh;Zhuhai
CHN;zj;Zhanjiang
CHN;zn;Zhongshan
CHN;zs;Mount Putuo
CKH;rt;Rarotonga
CLM;b;Barranquilla
CLM;bu;Buenaventura
CLM;pl;Puerto Lleras
CLM;r;Rioblanco
CLM;sa;San Andrés Isl
CLN;e;Ekala
CLN;i;Iranawila
CLN;p;Puttalam
CLN;t;Trincomalee
CME;;Buea
CNR;ar;Arrecife/Lanzarote
CNR;fc;Fuencaliente/Las Palmas
CNR;gc;Gran Canaria airport
CNR;hr;Haría/Tenerife
CNR;hy;Los Hoyos/Gran Canaria
CNR;lm;Las Mesas/Las Palmas
CNR;pr;Puerto del Rosario
CNR;xx;Unknown
COD;bk;Bukavu
COD;bu;Bunia
COG;b;Brazzaville
COG;bv;Brazzaville Volmet
COG;pn;Pointe Noire
CTI;a;Abidjan
CTR;;Cariari de Pococí
CTR;g;Guápiles
CUB;;La Habana
CUB;b;Bauta
CUB;be;Bejucal
CUB;hr;Havana Radio
CUB;q;Quivicán/Titan
CVA;;Santa Maria di Galeria
CVA;v;Citta del Vaticano
CYP;a;Akrotiri
CYP;cr;Cyprus Radio
CYP;g;Cape Greco
CYP;m;Lady's Mile
CYP;n;Nicosia
CYP;y;Yeni Iskele
CZE;b;Brno
CZE;cb;Ceske Budejovice
CZE;dl;Dlouhá Louka
CZE;kv;Karlovy Vary
CZE;mb;Moravské Budejovice
CZE;os;Ostrava
CZE;p;Praha
CZE;pl;Praha/Liblice
CZE;pr;Pruhonice
CZE;pv;Panská Ves
CZE;tr;Trebon
CZE;va;Vackov
D;al;Albersloh
D;b;Biblis
D;be;Berlin/Britz
D;bl;Berlin
D;br;Braunschweig
D;bu;Burg
D;bv;Bonn
D;cx;Cuxhaven
D;d;Dillberg
D;dd;Dresden
D;dt;Datteln
D;e;Erlangen
D;fl;Flensburg
D;g;Goehren
D;ge;Gera
D;gl;Glücksburg
D;ha;Hannover
D;hc;Hamburg
D;he;Hannover/Hemmingen
D;hh;Hamburg
D;ht;Hartenstein
D;jr;Juliusruh
D;k;Kall/Krekel
D;L;Lampertheim
D;la;Langenberg
D;li;Lingen
D;mf;Mainflingen
D;n;Nauen
D;nh;Neuharlingersiel
D;nu;Nuernberg
D;or;Oranienburg
D;pi;Pinneberg
D;r;Rohrbach
D;rf;Rhauderfehn
D;s;Stade
D;w;Wertachtal
D;wa;Winsen
D;wb;Wachenbrunn
D;we;Weenermoor
D;wh;Waldheim
D;xx;Unknown
DJI;d;Djibouti
DJI;i;Centre de Transmissions Interarmées FUV
DNK;a;Aarhus/Mårslet
DNK;bl;Blaavand
DNK;br;Bramming
DNK;bv;Bovbjerg
DNK;co;Copenhagen OXT
DNK;f;Frederikshavn
DNK;h;Hillerod
DNK;hv;Copenhagen/Hvidovre
DNK;i;Copenhagen/Ishøj
DNK;k;Kalundborg
DNK;ra;Randers
DNK;ro;Ronne
DNK;sg;Skagen
DNK;sk;Skamlebaek
DOM;sd;Santo Domingo
E;af;Alfabia
E;ag;Aguilas
E;ar;Ares
E;as;La Asomada
E;bo;Boal
E;c;Coruna
E;cg;Cabo de Gata Sabinar
E;cp;Chipiona
E;fi;Finisterre
E;gm;Torreta de Guardamar
E;h;Huelva
E;hv;Huelva
E;jq;Jaizquibel
E;ma;Madrid
E;mu;Muxía
E;mx;Marratxí
E;n;Noblejas
E;pm;Palma de Mallorca
E;pz;Pastoriza
E;rq;Roquetas
E;rs;Rostrío/Cabo de Peñas
E;sb;Sabiner
E;ta;Tarifa
E;tj;Trijueque
E;to;Torrejón de Ardoz
E;vj;Vejer
E;xx;Unknown
EGY;a;Abis
EGY;al;Alexandria
EGY;ca;Cairo
EGY;ea;El Arish
EGY;z;Abu Zaabal
EQA;a;Ambato
EQA;c;Pico Pichincha
EQA;g;Guayaquil
EQA;i;Ibarra
EQA;o;Otavalo
EQA;p;Pifo
EQA;s;Saraguro
EQA;t;Tena
EQA;u;Sucúa
ERI;;Asmara
EST;ta;Tallinn Radio
EST;tt;Tartu
EST;tv;Tallinn Volmet
ETH;a;Addis Abeba
ETH;ad;Adama
ETH;b;Bahir Dar
ETH;d;Geja Dera (HS)
ETH;j;Geja Jewe (FS)
ETH;jj;Jijiga
ETH;m;Mekele
ETH;n;Nekemte
ETH;r;Robe
F;a;Allouis
F;au;Auros
F;av;Avord
F;br;Brest
F;cm;Col de la Madone
F;co;Corsen
F;g;La Garde
F;gn;Gris
F;hy;Hyères Isl
F;i;Issoudun
F;jb;Jobourg
F;ma;Mont Angel/Fontbonne
F;oe;Ouessant
F;p;Paris
F;r;Rennes
F;ro;Roumoules
F;sa;Saissac
F;sb;Strasbourg
F;sg;Saint Guénolé
F;to;Toulon
F;v;Favières FAV
F;ve;Vernon
F;wu;Rosnay
F;xx;Unknown
FIN;as;Asikkala
FIN;ha;Hailuoto
FIN;he;Helsinki
FIN;hk;Hämeenkyrö
FIN;lp;Lappeenranta
FIN;mh;Mariehamn
FIN;o;Otaniemi
FIN;p;Pori
FIN;pk;Pori
FIN;r;Raasepori
FIN;t;Loppi
FIN;v;Virrat
FIN;va;Vaasa
FJI;n;Nadi
FRO;t;Tórshavn
FSM;;Pohnpei
G;ab;Aberdeenshire
G;aq;Aberdeen 
G;an;Anthorn
G;ba;Bangor
G;bd;Bridlington
G;cf;Collafirth Hill
G;cm;Crimond
G;cp;London/Crystal Palace
G;cr;London/Croydon
G;ct;Croughton
G;cu;Cullercoats
G;d;Droitwich
G;dv;Dover
G;ev;St.Eval
G;fh;Fareham
G;fl;Falmouth Coastguard
G;fm;Falmouth
G;hh;Holyhead
G;hu;Humber
G;ic;Inskip
G;in;Inskip 
G;lo;London
G;lw;Lerwick
G;mh;Milford Haven
G;ni;Niton Navtex, Isle of Wight
G;nw;Northwood
G;o;Orfordness
G;p;Portland
G;pp;Portpatrick Navtex
G;r;Rampisham
G;s;Skelton
G;sc;Shetland
G;sm;St Mary's
G;sp;Saint Peter Port
G;st;Stornoway
G;sw;Stornoway port
G;ti;Tiree
G;w;Woofferton
G;wa;Washford
GAB;;Moyabi
GEO;s;Sukhumi
GNE;b;Bata
GNE;m;Malabo
GRC;a;Avlis
GRC;i;Iraklion
GRC;k;Kerkyra
GRC;L;Limnos
GRC;o;Olimpia
GRC;r;Rhodos
GRC;xx;Unknown
GRL;aa;Aasiaat
GRL;ik;Ikerasassuaq
GRL;ko;Kook Island
GRL;ma;Maniitsoq
GRL;n;Nuuk
GRL;pa;Paamiut
GRL;qa;Qaqortoq
GRL;qe;Qeqertarsuaq
GRL;si;Sisimiut
GRL;sq;Simiutaq
GRL;t;Tasiilaq/Ammassalik
GRL;up;Upernavik
GRL;uu;Uummannaq
GUF;;Montsinery
GUI;c;Conakry
GUM;a;Agat
GUM;an;Andersen Air Force Base
GUM;b;Barrigada
GUM;h;Agana HFDL
GUM;m;Agana/Merizo
GUM;n;Naval station NPN
GUY;;Sparendaam
HKG;a;Cape d'Aguilar
HKG;m;Marine Rescue Radio VRC
HND;t;Tegucigalpa
HNG;b;Budapest
HNG;g;Györ
HNG;lh;Lakihegy
HNG;m;Marcali
HNG;p;Pecs
HNG;sz;Szolnok
HOL;a;Alphen aan den Rijn
HOL;b;Borculo
HOL;cg;Coast Guard Den Helder Scheveningen
HOL;e;Elburg
HOL;he;Heerde
HOL;k;Klazienaveen
HOL;m;Margraten
HOL;n;Nijmegen
HOL;o;Ouddorp
HOL;ov;Overslag
HOL;w;Winterswijk
HOL;xx;Unknown
HOL;zw;Zwolle
HRV;;Deanovec
HWA;a;WWVH
HWA;b;WWVH
HWA;c;WWVH
HWA;d;WWVH
HWA;hi;Hickam AFB
HWA;ho;Honolulu/Iroquois Point
HWA;L;Lualualei
HWA;m;Moloka'i
HWA;n;Naalehu
HWA;nm;NMO Honolulu/Maili
HWA;p;Pearl Harbour
I;a;Andrate
I;an;Ancona IPA
I;au;Augusta IQA
I;b;San Benedetto de Tronto IQP
I;ba;Bari IPB
I;cg;Cagliari IDC
I;cm;Cagliari IDR
I;cv;Civitavecchia IPD
I;eu;Radio Europa NW
I;ge;Genova ICB
I;kr;Crotone IPC
I;li;Livorno
I;lm;Lampedusa
I;ls;La Spazia IDR
I;me;Messina IDF
I;mp;Monteparano IPC
I;mz;Mazara del Vallo IQQ
I;na;Napoli
I;p;Padova
I;pa;Palermo
I;pi;San Pietro Isl IDR
I;pt;Porto Torres IZN
I;r;Roma
I;ra;Roma IMB
I;re;Rome
I;sa;Sant'Anna d'Alfaedo IDR
I;si;Sigonella
I;sp;Santa Panagia/Siracusa IDR
I;sr;Santa Rosa, Roma
I;sy;NSY
I;t;Trieste IQX
I;v;Viareggio, Toscana
I;xx;Unknown
IND;a;Aligarh
IND;ah;Ahmedabad
IND;az;Aizawl
IND;b;Bengaluru
IND;bh;Bhopal
IND;c;Chennai
IND;d;Delhi
IND;dn;Delhi
IND;g;Gorakhpur
IND;gt;Gangtok
IND;hy;Hyderabad
IND;im;Imphal
IND;it;Itanagar
IND;j;Jalandhar
IND;ja;Jaipur
IND;je;Jeypore
IND;jm;Jammu
IND;k;Kham Pur/Delhi
IND;kc;Kolkata
IND;kh;Kohima
IND;ko;Kolkata
IND;ku;Kurseong
IND;kv;Kolkata Volmet
IND;le;Leh
IND;lu;Lucknow
IND;m;Mumbai
IND;mv;Mumbai Volmet
IND;n;Nagpur
IND;nj;Najibabad
IND;p;Panaji
IND;pb;Port Blair
IND;r;Rajkot
IND;ra;Ranchi
IND;sg;Shillong
IND;si;Siliguri
IND;sm;Shimla
IND;sr;Srinagar
IND;su;Suratgarh
IND;t;Tuticorin
IND;tv;Thiruvananthapuram
IND;v;Vijayanarayanam
IND;vs;Vishakapatnam
IND;w;Guwahati
INS;am;Ambon
INS;ap;Amamapare
INS;at;Atapupu
INS;ba;Banggai
INS;bb;Banabungi
INS;bd;Badas
INS;be;Bade
INS;bg;Bagan Siapi
INS;bi;Biak
INS;bj;Banjarmasin
INS;bk;Bengkalis
INS;bl;Batu Licin
INS;bm;Batu Ampar
INS;bn;Bawean
INS;bo;Denpasar
INS;bp;Balikpapan
INS;bt;Benete
INS;bu;Bukittinggi
INS;bw;Belawan
INS;by;Biak
INS;b2;Bau-Bau
INS;b3;Bengkulu
INS;b4;Bima
INS;b5;Bintuni
INS;b6;Bitung
INS;b7;Bontang
INS;cb;Celukan Bawang
INS;cc;Cilacap
INS;ci;Cigading
INS;cr;Cirebon
INS;dg;Donggala
INS;dm;Dumai
INS;do;Dobo
INS;ds;Dabo Singkep
INS;en;Ende
INS;f;Fakfak
INS;fj;Fatujuring
INS;g;Gorontalo
INS;gi;Gilimanuk
INS;go;Gorontalo port
INS;gr;Gresik
INS;gs;Gunung Sitoli
INS;j;Jakarta
INS;ja;Jambi PKC3
INS;jb;Jakarta BMG
INS;jm;Jambi
INS;jp;Jepara
INS;js;Jakarta
INS;jw;Juwana
INS;jx;Jakarta PKX
INS;jy;Jayapura
INS;k;Kebayoran Baru
INS;ka;Kaimana
INS;kb;Kalabahi
INS;kd;Kendari
INS;kg;Kalianget
INS;ki;Kumai
INS;kj;Kijang,
INS;kl;Kolonodale
INS;km;Karimunjawa Isl
INS;kn;Kupang
INS;ko;Kolaka
INS;kp;Ketapang
INS;ks;Kota Langsa
INS;kt;Kuala Tungkal
INS;ku;Kota Baru
INS;kw;Kwandang
INS;le;Lembar
INS;lh;Lhokseumawe
INS;lk;Larantuka
INS;lo;Lombok
INS;lu;Luwuky
INS;ma;Manokwari
INS;mb;Masalembo Isl
INS;md;Manado
INS;me;Meneng
INS;mk;Manokwari
INS;mm;Maumere
INS;mn;Manado
INS;mr;Merauke
INS;ms;Makassar
INS;mu;Muntok
INS;n;Nabire
INS;na;Natuna
INS;nu;Nunukan
INS;p;Palangkaraya
INS;pa;Palu
INS;pb;Padang Bai
INS;pd;Padang
INS;pe;Pekalongan
INS;pf;Pare
INS;pg;Pangkal Baru
INS;ph;Panipahan
INS;pi;Parigi
INS;pj;Panjang
INS;pk;Pontianak
INS;pl;Plaju
INS;pm;Palembang
INS;po;Pomalaa
INS;pp;Palopo
INS;pq;Probolinggo
INS;pr;Panarukan
INS;ps;Poso
INS;pt;Pantoloan
INS;pu;Pekanbaru
INS;pv;Pulau Sambu
INS;ra;Raha
INS;re;Rengat
INS;ro;Reo
INS;sa;Sabang
INS;sb;Seba
INS;se;Serui
INS;sg;Semarang
INS;sh;Susoh
INS;si;Sarmi
INS;sj;Selat Panjang
INS;sk;Singkil
INS;sm;Simalungun
INS;sn;Sanana
INS;so;Sorong
INS;sp;Sipange
INS;sq;Sibolga
INS;sr;Samarinda
INS;st;Sampit
INS;su;Siau Isl
INS;sy;Selayar
INS;s2;Sinabang
INS;s3;Sipura Isl
INS;s4;Surabaya
INS;s8;Sorong PKY8
INS;s9;Sorong PKY9
INS;t;Ternate
INS;ta;Tahuna
INS;tb;Tanjung Balai Karimun
INS;td;Teluk Dalam
INS;te;Tegal
INS;tg;Tanjung Selor
INS;tk;Tarakan
INS;tl;Tembilahan
INS;tm;Tarempa
INS;to;Tobelo
INS;ts;Tanjung Santan
INS;tt;Toli-Toli
INS;tu;Tanjung Uban
INS;tw;Tual
INS;ty;Taluk Bayur
INS;ul;Ulee
INS;w;Wamena
INS;wa;Waingapu
IRL;mh;Malin Head
IRL;s;Shannon
IRL;sk;Sheskin
IRL;tr;Tralee
IRL;v;Valentia
IRL;xx;Unknown
IRL;xy;Varying
IRN;a;Ahwaz
IRN;b;Bandar'e Torkeman
IRN;ba;Bandar Abbas
IRN;bb;Bonab
IRN;c;Chah Bahar
IRN;g;Gorgan
IRN;j;Jolfa
IRN;k;Kamalabad
IRN;ke;Kish Isl
IRN;ki;Kiashar
IRN;m;Mashhad
IRN;mh;Bandar'e Mahshahr
IRN;q;Qasr Shirin
IRN;s;Sirjan
IRN;t;Tayebad
IRN;te;Tehran
IRN;z;Zahedan
IRN;zb;Zabol
IRQ;d;Salah al Din
IRQ;s;Sulaimaniya
ISL;f;Fjallabyggd
ISL;g;Keflavik/Grindavik
ISL;gt;Grindavik Thorbjöen
ISL;hf;Hornafjördur
ISL;if;Isafjördur
ISL;n;Neskaupstadur
ISL;r;Reykjavik Aero/HFDL
ISL;rf;Raufarhöfn
ISL;rs;Reykjavik
ISL;s;Saudanes
ISL;sh;Stórhöfði
ISL;v;Vestmannaeyjar
ISR;h;Haifa
ISR;ii;Unknown
ISR;L;Lod (Galei Zahal)
ISR;sy;She'ar
ISR;y;Yavne
J;ao;Aonoyama Signal Station
J;as;Asahikawa AF JJU22
J;ay;Ashiya AB JJZ59
J;c;Chiba Nagara
J;ct;Chitose AB, Hokkaido JJR20
J;es;Esaki Signal Station (Osaka Bay)
J;f;Chofu Campus, Tokyo
J;fu;Fuchu AB JJT55
J;gf;Gifu AB JJV67
J;h;Mount Hagane
J;hf;Hofu AB JJX36
J;hm;Hamamatsu AB JJV56
J;hy;Hyakurigahara AB JJT33
J;io;Imabari Ohama Vessel Station
J;ir;Iruma/Irumagawa AB JJT44
J;it;Itoman, Okinawa JFE
J;iw;Isewan Signal Station
J;k;Kagoshima JMH
J;kg;Kumagaya AB JJT66
J;ki;Kisarazu AB JJT22
J;kk;Komaki AB (Nagoya) JJV23
J;km;Kume Shima, Okinawa JJU66
J;kn;Kanmon Oseto Strait Signal Station
J;ko;Komatsu AB JJV90
J;ks;Kasuga AB JJZ37
J;ku;Kumamoto JJE20
J;ky;Kyodo
J;kz;Kannonzaki Signal Station
J;m;Miura
J;mh;Miho AB, Yonago JJX25
J;ms;Misawa AB JJS21
J;mt;Matsushima AB JJS32
J;mu;Muroto
J;mz;Makurazaki
J;n;Nemuro
J;nh;Naha AB, Okinawa
J;nk;Nagoya Kinjo Signal Station
J;nr;Nara JJW24
J;ny;Nyutabaru AB JJZ26
J;o;Mount Otakadoya
J;oe;Okinoerabu JJZ44
J;ok;Okinawa
J;os;Osaka JJD20
J;ot;Otaru, Hokkaido JJS65
J;sa;Sapporo/Chitose AB JJA20
J;sg;Sodegaura, Chiba
J;sn;Sendai/Kasuminome AB JJB20
J;sz;Shizuoka
J;tk;Tokyo/Tachikawa AF JJC20 JJT88
J;ts;Tsuiki AB JJZ48
J;tv;Tokyo Volmet, Kagoshima
J;xx;Unknown
J;y;Yamata
J;yo;Yokota AFB
J;yz;Yozadake (Okinawa)
J;zz;Trading
JOR;ak;Al Karanah
JOR;am;Amman
KAZ;a;Almaty
KAZ;ak;Aktyubinsk/Aktöbe
KAZ;av;Almaty Volmet
KAZ;n;Nursultan
KEN;ny;Nairobi 5YE
KGZ;b;Bishkek
KGZ;bk;Bishkek Beta
KOR;c;Chuncheon
KOR;d;Dangjin
KOR;db;Daebudo
KOR;g;Goyang
KOR;h;Hwasung/Hwaseong
KOR;j;Jeju/Aewol HLAZ
KOR;k;Kimjae
KOR;m;Muan HFDL
KOR;n;Hwaseong?
KOR;o;Suwon
KOR;s;Seoul
KOR;sg;Seoul
KOR;t;Taedok
KOR;w;Nowon Gyeonggi
KOR;xx;Unknown
KOS;b;Camp Bondsteel
KRE;c;Chongjin
KRE;e;Hyesan
KRE;h;Hamhung
KRE;hw;Hwadae/Kimchaek
KRE;j;Haeju
KRE;k;Kanggye
KRE;kn;Kangnam
KRE;p;Pyongyang
KRE;s;Sariwon
KRE;sg;Samgo
KRE;sn;Sinuiju
KRE;sw;Sangwon
KRE;u;Kujang
KRE;w;Wonsan
KRE;y;Pyongsong
KWT;j;Jahra/Umm al
KWT;k;Kabd/Sulaibiyah
KWT;kw;Kuwait
LAO;s;Sam Neua
LAO;v;Vientiane
LBN;be;Beirut
LBR;;Monrovia
LBR;e;Monrovia
LBR;m;Monrovia Mamba Point
LBR;s;Monrovia
LBY;;Sabrata
LTU;;Sitkunai
LTU;v;Viesintos
LUX;j;Junglinster
LUX;m;Marnach
LVA;;Ulbroka
MAU;m;Malherbes
MDA;;Grigoriopol
MDA;ca;Cahul
MDA;ce;Chisinau
MDA;co;Codru
MDA;ed;Edinet
MDG;;Talata Volonondry
MDG;a;Ambohidrano/Sabotsy
MDG;m;Mahajanga
MDR;ps;Porto Santo
MEX;c;Cuauhtémoc/Mexico City
MEX;cb;Choya Bay/Sonora
MEX;e;Mexico City
MEX;i;Iztacalco/Mexico City
MEX;m;Merida
MEX;mz;Mazatlan
MEX;pr;Progreso
MEX;s;San Luis Potosi
MEX;p;Chiapas
MEX;u;UNAM/Mexico City
MEX;vh;Villahermosa/Tabasco
MLA;ka;Kajang
MLA;kk;Kota Kinabalu
MLA;ku;Kuching
MLA;l;Lumut
MLA;s;Sibu
MLI;c;Bamako
MLI;k;Kati/Bamako
MLT;mr;Malta Radio
MNE;oc;Ocas
MNG;a;Altay
MNG;c;Choybalsan
MNG;m;Moron/Mörön
MNG;u;Ulaanbaatar
MRA;m;Marpi/Saipan
MRA;s;Saipan/Agingan Point
MRA;t;Tinian
MRC;ag;Agadir
MRC;b;Briech
MRC;ca;Casablanca
MRC;L;Laayoune
MRC;n;Nador
MRC;s;Safi
MRT;fc;Fort de France
MRT;u;FUF Martinique
MTN;;Nouakchott
MYA;n;Naypyidaw
MYA;p;Phin Oo Lwin, Mandalay
MYA;t;Taunggyi
MYA;y;Yegu
NCL;n;Nouméa Ouen
NFK;;Norfolk Isl
NGR;;Niamey
NIG;a;Abuja
NIG;b;Ibadan
NIG;e;Enugu
NIG;i;Ikorodu
NIG;j;Abuja/Lugbe
NIG;k;Kaduna
NMB;wb;Walvis Bay
NOR;a;Andenes
NOR;as;Andenes
NOR;at;Andenes
NOR;be;Bergen
NOR;bj;Bjørnøya
NOR;bk;Bergen
NOR;bo;Bodø
NOR;bs;Bodø
NOR;bv;Berlevåg
NOR;e;Erdal
NOR;f;Florø
NOR;fs;Farsund
NOR;hf;Hammerfest
NOR;hp;Hopen Island
NOR;jm;Jan Mayen Isl
NOR;ly;Longyearbyen
NOR;ma;Marøy
NOR;mg;Molde
NOR;mr;Mågerø
NOR;nm;Nordmela
NOR;no;Novik
NOR;oh;Oslo
NOR;or;Ørlandet
NOR;ro;Rogaland
NOR;sa;Sandnessjøen
NOR;sr;Sørreisa
NOR;st;Stavanger
NOR;tj;Tjøme
NOR;va;Vardø
NPL;;Khumaltar
NZL;a;Auckland
NZL;du;Dunedin
NZL;r;Rangitaiki
NZL;ru;Russell
NZL;t;Taupo
NZL;xx;Unknown
OCE;fa;Faa'a airport
OCE;ma;Mahina/Tahiti
OMA;a;A'Seela
OMA;s;Seeb
OMA;t;Thumrait
PAK;i;Islamabad
PAK;kv;Karachi Volmet
PAK;m;Multan
PAK;p;Peshawar
PAK;q;Quetta
PAK;r;Rawalpindi
PHL;b;Bocaue
PHL;dv;Davao City
PHL;i;Iba
PHL;ko;Koronadal City
PHL;m;Marulas/Quezon City,
PHL;p;Palauig, Zembales
PHL;po;Poro
PHL;sc;Santiago City
PHL;t;Tinang
PHL;x;Tinang
PHL;zm;Zamboanga City
PLW;;Koror
PNG;a;Alotau
PNG;b;Bougainville/Buka
PNG;d;Daru
PNG;g;Goroka
PNG;ka;Kavieng
PNG;kb;Kimbe
PNG;ke;Kerema
PNG;ki;Kiunga
PNG;ku;Kundiawa
PNG;la;Lae/Morobe
PNG;ln;Lae Nadzab airport
PNG;lo;Lorengau
PNG;ma;Madang
PNG;me;Mendi
PNG;mh;Mount Hagen
PNG;pm;Port Moresby/Waigani
PNG;pr;Port Moresby Maritime Radio
PNG;po;Popondetta
PNG;r;Rabaul
PNG;v;Vanimo
PNG;va;Vanimo
PNG;wa;Port Moresby
PNG;ww;Wewak
PNR;al;Albrook/Panama City
POL;b;Babice
POL;p;Puchaly
POL;sk;Solec Kujawski
POL;u;Ustka
POL;w;Witowo
POR;ms;Monsanto
PRG;c;Capiatá
PRG;f;Filadelfia
PRU;ar;Arequipa
PRU;at;Atalaya
PRU;bv;Bolívar
PRU;cc;Chiclayo/Santa Ana
PRU;ce;Celendín
PRU;ch;Chachapoyas
PRU;cl;Callalli
PRU;cp;Cerre de Pasco
PRU;ct;Chota
PRU;cu;Cuzco
PRU;cz;Chazuta/Tarapoto
PRU;hb;Huancabamba
PRU;hc;Huancayo/Viques
PRU;ho;Huánuco
PRU;ht;Huanta/Tirapampa
PRU;hu;Huanta/Vista Alegre
PRU;hv;Huancavelica
PRU;hz;Huaraz
PRU;in;Chau Alto/Independencia
PRU;iq;Iquitos/Moronacocha
PRU;ja;Jaén
PRU;ju;Junín/Cuncush
PRU;li;Lima
PRU;or;La Oroya
PRU;pc;Paucartambo
PRU;pm;Puerto Maldonado
PRU;qb;Quillabamba/Macamango
PRU;qt;Quillabamba/Tiobamba Baja
PRU;rm;Rodrigues de Mendoza
PRU;sc;Santa Cruz
PRU;si;Sicuani
PRU;su;Santiago de Chuco
PRU;ta;Tarma/Cerro Penitencia
PRU;tc;Tacna
PRU;ur;Valle de Urubamba
PRU;vv;Valle de Vitor
PRU;yu;Yurimaguas
PTR;i;Isabela
PTR;s;Salinas
QAT;dr;Doha Radio
REU;su;Sainte Suzanne
ROU;b;Bucharest airport
ROU;c;Constanta
ROU;g;Galbeni
ROU;s;Saftica
ROU;t;Tiganesti
RRW;;Kigali
RUS;a;Armavir
RUS;af;Astrakhan Fedorovka
RUS;ag;Angarsk
RUS;ak;Arkhangelsk Beta
RUS;am;Amderma
RUS;an;Astrakhan Narimanovo
RUS;ar;Arkhangelsk
RUS;as;Astrakhan Military Base
RUS;at;Arkhangelsk
RUS;ay;Anadyr, Chukotka
RUS;b;Blagoveshchensk
RUS;ba;Barnaul, Altay
RUS;bg;Belaya Gora, Sakha
RUS;bo;Bolotnoye, Novosibirsk oblast
RUS;B1;Kerro/St Petersburg
RUS;B2;Iskra
RUS;c;Chita
RUS;cb;Cheboksary
RUS;cs;Cherskiy
RUS;cy;Chelyabinsk
RUS;di;Dikson
RUS;ek;Yekaterinburg
RUS;el;Elista
RUS;ey;Yeysk port
RUS;ge;Gelendzhik
RUS;gk;Goryachiy Klyuch
RUS;go;Gorbusha
RUS;gr;Grozny
RUS;i;Irkutsk
RUS;ig;Igrim XMAO
RUS;ik;Ivashka
RUS;io;Ioshkar Ola
RUS;ir;Irkutsk port
RUS;iv;Irkutsk Volmet
RUS;iz;Izhevsk sites
RUS;k;Kaliningrad/Bolshakovo
RUS;ka;Komsomolsk na Amur
RUS;kd;Krasnodar Beta
RUS;kf;Krasnoyarsk HFDL
RUS;kg;Kaliningrad Radio UIW23
RUS;kh;Khabarovsk
RUS;ki;Kirinskoye
RUS;kl;Kaliningrad Military Base
RUS;km;Khanty Mansiysk
RUS;ko;Korsakov
RUS;kp;Krasnodar
RUS;kr;Krasnoyarsk
RUS;kt;Kotlas
RUS;ku;Kurovskaya
RUS;kv;Kirensk Volmet
RUS;kx;Kamenka
RUS;ky;Kyzyl
RUS;kz;Kazan
RUS;k1;Krasnodar Pashkovsky
RUS;k2;Kamskoye Ustye
RUS;k3;Kolpashevo
RUS;k4;Komsomolsk na Amure
RUS;k5;Kultayevo
RUS;k6;Kozmino
RUS;L;Lesnoy
RUS;li;Liski
RUS;ln;Labytnangi, YNAO
RUS;l2;Labytnangi, YNAO Gazprom
RUS;m;Moscow
RUS;ma;Magadan/Arman
RUS;mg;Magadan Military Base
RUS;mi;Mineralnye Vody
RUS;mk;Makhachkala, Dagestan
RUS;mm;Murmansk Meteo
RUS;mp;Maykop
RUS;mr;Moscow/Razdory
RUS;mt;MTUSI University/Moscow
RUS;mu;Murmansk/Monchegorsk
RUS;mv;Magadan Volmet
RUS;mx;Makhachkala
RUS;mz;Mozdok
RUS;m2;Magadan Rosmorport
RUS;m3;Makhachkala
RUS;m4;Mezen
RUS;m5;Murmansk MRCC
RUS;n;Novosibirsk/Oyash
RUS;nc;Nalchik
RUS;ne;Nevelsk
RUS;ni;Nizhnevartovsk
RUS;nk;Nizhnekamsk
RUS;nm;Naryan Mar
RUS;nn;Nizhni Novgorod
RUS;no;Novosibirsk City
RUS;np;Novosibirsk City port
RUS;nr;Novorossiysk
RUS;ns;Novosibirsk Shipping Canal
RUS;nu;Novy Urengoy
RUS;nv;Novosibirsk Volmet
RUS;ny;Nadym
RUS;oe;Okhotskoye
RUS;og;Orenburg
RUS;ok;Oktyarbskiy
RUS;ol;Oleniy
RUS;om;Omsk
RUS;or;Orenburg
RUS;ox;Okhotsk Bulgin
RUS;o2;Orenburg-2
RUS;p;Petropavlovsk Kamchatskiy
RUS;pc;Pechora
RUS;pe;Perm
RUS;pk;Petropavlovsk Kamchatskij Military Base
RUS;pm;Perm airport
RUS;po;Preobrazhenie
RUS;pp;Petropavlovsk Kamchatskiy Port
RUS;pt;Sankt Peterburg Military Base
RUS;pu;Puteyets
RUS;pv;St Peterburg Volmet
RUS;py;Peleduy
RUS;p2;Petropavlovsk Kamchatskiy Port
RUS;p3;Petropavlovsk Kamchatskiy Commercial sea port
RUS;p4;Pevek
RUS;p5;Plastun
RUS;p6;Poronaisk
RUS;rd;Reydovo
RUS;re;Revda
RUS;ro;Rossosh
RUS;rp;Rostov na Donu
RUS;ru;Russkoye Ustye
RUS;rv;Rostov Volmet
RUS;ry;Rybachi
RUS;s;Samara
RUS;sa;Samara Centre
RUS;sb;Sabetta
RUS;sc;Seshcha
RUS;sd;Severodvinsk
RUS;se;Sevastopol
RUS;sh;Salekhard
RUS;sk;Smolensk
RUS;sl;Seleznevo
RUS;sm;Severomorsk/Arkhangelsk Military Base
RUS;so;Sochi
RUS;sp;St.Petersburg
RUS;sr;Sevastopol Radio
RUS;st;Saratov
RUS;su;Surgut
RUS;sv;Samara airport
RUS;sy;Syktyvkar Volmet
RUS;sz;Syzran
RUS;s1;Saratov airport
RUS;s2;Stavropol airport
RUS;s3;St Petersburg port
RUS;s4;St Petersburg Shepelevo
RUS;s5;Sterlegova Cape
RUS;s6;Stolbovoy Island
RUS;s7;Svobodny
RUS;t;Taldom Severnyj
RUS;tc;Taganrog
RUS;tg;Taganrog
RUS;ti;Tiksi
RUS;tm;Tomsk
RUS;to;Tver-Migalovo
RUS;tr;Temryuk
RUS;ts;Tarko Sale
RUS;tu;Tulagino
RUS;tv;Tavrichanka
RUS;ty;Tyumen Volmet
RUS;t3;Tiksi 3
RUS;u;Ulan Ude
RUS;ub;Ust Barguzin
RUS;uf;Ufa
RUS;ug;Uglegorsk
RUS;uk;Ust Kamchatsk
RUS;us;Ulan Ude
RUS;uu;Ulan Ude port
RUS;uy;Ustyevoye
RUS;v;Vladivostok Razdolnoye
RUS;va;Vanino
RUS;vg;Vologda
RUS;vk;Vorkuta
RUS;vl;Vladivostok Military Base
RUS;vm;Vzmorye
RUS;vo;Volgograd
RUS;vp;Vladivostok port
RUS;vr;Varandey
RUS;vv;Veselo Voznesenka
RUS;vz;Vladikavkaz Beslan
RUS;xe;Khabarovsk Elban
RUS;xo;Kholmsk
RUS;xv;Khabarovsk Volmet
RUS;xx;Unknown
RUS;xy;Ship
RUS;ya;Yakutsk/Tulagino
RUS;ys;Yuzhno Sakhalinsk
RUS;yv;Yekaterinburg Volmet
RUS;yy;Yakutsk Volmet
RUS;za;Zyryanka
RUS;zg;Zhigalovo
RUS;zp;Zaporozhye
RUS;zy;Zhatay
S;b;Bjuröklubb
S;d;Delsbo
S;gr;Varberg/Grimeton
S;gs;Gislövshammar
S;h;Härnösand
S;j;Julita
S;k;Kvarnberget
S;s;Sala
S;st;Stavsnäs
S;t;Tingstäde
S;v;Vaxholm
SDN;a;Al Aitahab
SDN;r;Reiba
SEN;r;Rufisque DIRISI
SEN;y;Dakar Yoff
SEY;mh;Mahe
SLM;;Honiara
SNG;;Kranji
SNG;j;Jurong
SNG;v;Singapore Volmet
SOM;b;Baydhabo
SOM;g;Garoowe
SOM;h;Hargeisa
SOM;ma;Mogadishu Airport
SRB;be;Belgrade
SRB;s;Stubline
SSD;n;Narus
STP;;Pinheira
SUI;be;HEB Prangins
SUI;ge;Geneva
SUI;lu;Luzern
SUR;pm;Paramaribo
SVK;;Rimavska Sobota
SWZ;;Manzini/Mpangela Ranch
SYR;;Adra
TCD;;N'Djamena
THA;b;Bangkok/Prathum Thani
THA;bm;Bangkok Meteo
THA;bv;Bangkok Volmet
THA;hy;Hat Yai
THA;n;Nakhon Sawan
THA;u;Udon Thani
TJK;;Orzu
TJK;da;Dushanbe airport
TJK;y;Yangi Yul/Dushanbe
TJK;o;Orzu
TKM;a;Asgabat
TKM;as;Ashgabat airport
TKM;ds;Dasoguz
TKM;s;Seyda/Seidi
TKM;tb;Turkmenbashi
TRD;np;North Post
TUN;bz;Bizerte
TUN;gu;La Goulette
TUN;ke;Kelibia
TUN;mh;Mahdia
TUN;s;Sfax
TUN;sf;Sfax
TUN;tb;Tabarka
TUN;te;Tunis
TUN;tu;Tunis
TUN;zz;Zarzis
TUR;a;Ankara
TUR;c;Cakirlar
TUR;e;Emirler
TUR;is;Istanbul TAH
TUR;iz;Izmir
TUR;m;Mersin
TWN;f;Fangliao FAN
TWN;h;Huwei
TWN;k;Kouhu
TWN;L;Lukang
TWN;m;Minhsiung
TWN;n;Tainan/Annan
TWN;p;Paochung/Baujong
TWN;pe;Penghu
TWN;q;Tainan/Qigu/Cigu
TWN;s;Tamsui
TWN;t;Taipei/Pali
TWN;w;Taipei/Mount Wufen
TWN;y;Kuanyin/Han Sheng
TWN;yl;Yilin
TZA;d;Daressalam
TZA;z;Zanzibar/Dole
UAE;;Dhabbaya
UAE;aj;Al Abjan
UAE;da;Das Island
UAE;mu;Musaffah/Abu Dhabi
UAE;sj;Sharjah
UGA;k;Kampala
UGA;m;Mukono
UKR;be;Berdiansk
UKR;c;Chernivtsi
UKR;k;Kiev/Brovary
UKR;ke;Kiev
UKR;L;Lviv/Krasne
UKR;lu;Luch
UKR;m;Mykolaiv
UKR;od;Odessa
UKR;pe;Petrivka
UKR;rv;Rivne
UKR;x;Kharkiv
UKR;xx;Unknown
UKR;z;Zaporizhzhya
URG;lp;La Paloma
URG;m;Montevideo
URG;pc;Punta Carretas
URG;pe;Punta del Este
URG;rb;Rio Branco
URG;t;Tacuarembó
URG;tr;Trouville
USA;a;Andrews AFB, MD
USA;b;Birmingham/Vandiver, AL
USA;ba;Baltimore, MD
USA;bg;Barnegat, NJ
USA;bo;Boston, MA
USA;bt;Bethel, PA
USA;c;Cypress Creek, SC
USA;ch;Chesapeake Pungo Airfield, VA
USA;ci;WLW Cincinnati, OH
USA;cu;Cutler, ME
USA;da;Davidsonville, MD
USA;ds;Destin, FL
USA;dv;Dover, NC
USA;dx;Dixon, CA
USA;ej;Ellijay, GA
USA;fa;Fort Collins, CO
USA;fb;Fort Collins, CO
USA;fc;Fort Collins, CO
USA;fd;Fort Collins, CO
USA;fe;Fort Collins, CO
USA;ff;Fort Collins, CO
USA;fg;Fort Collins, CO
USA;fv;Forest, VA
USA;g;Greenville, NC
USA;hw;Altus, OK
USA;jc;Jim Creek, WA
USA;k;Key Saddlebunch, FL
USA;kc;KSCS Fort Worth, TX
USA;ks;KSL Salt Lake City, UT
USA;L;Lebanon, TN
USA;LL;Lakeland, FL
USA;lm;Lamoure, ND
USA;m;Miami/Hialeah Gardens, FL
USA;ma;Manchester/Morrison, TN
USA;mi;Milton, FL
USA;mo;Mobile, AL
USA;n;Nashville, TN
USA;nm;NMG New Orleans, LA
USA;no;New Orleans, LA
USA;np;Newport, NC
USA;o;Okeechobee, FL
USA;ob;San Luis Obispo, CA
USA;of;Offutt AFB, NE
USA;q;Monticello, ME
USA;pa;Palo Alto, CA
USA;pg;Punta Gorda, FL
USA;pr;Point Reyes, CA
USA;rh;Riverhead, NY
USA;rl;Red Lion, PA
USA;rs;Rancho Simi, CA
USA;rv;Rio Vista, CA
USA;sc;Sacramento, CA
USA;se;Seattle, WA
USA;sf;San Francisco Radio
USA;sk;Seattle, WA
USA;sm;U of Southern Mississippi
USA;uc;UC Davis
USA;ud;UC Davis
USA;v;Vado, NM
USA;vs;Vashon Isl, WA
USA;wa;Washington, DC
USA;wb;Fort Worth, TX
USA;wc;Beale AFB Marysville, CA
USA;wg;Fort Lauderdale, FL
USA;ws;West Sacramento, CA
USA;wx;Hillsboro, WV
USA;xx;Unknown
UZB;;Tashkent
UZB;a;Tashkent Airport
UZB;nu;Nukus
UZB;s;Samarkand
UZB;ta;Tashkent I/II
VEN;t;El Tigre
VEN;y;Caracas
VTN;b;Buon Me Thuot/Daclac
VTN;bt;Ben Thuy
VTN;cm;Ca Mau
VTN;co;Cua Ong
VTN;cr;Cam Ranh
VTN;ct;Can Tho
VTN;db;Dien Bien
VTN;dn;Da Nang
VTN;hc;Ho Chi Minh City
VTN;hg;Hon Gai
VTN;hp;Hai Phong
VTN;hu;Hue
VTN;kg;Kien Giang
VTN;L;Son La
VTN;m;Hanoi/Metri
VTN;mc;Mong Cai
VTN;mh;My Hao
VTN;nt;Nha Trang
VTN;pr;Phan Rang
VTN;pt;Phan Tiet
VTN;py;Phu Yen
VTN;qn;Quy Nhon
VTN;s;Hanoi/Sontay
VTN;t;Thoi Long
VTN;th;Thanh Hoa
VTN;vt;Vung Tau
VTN;x;Xuan Mai
VTN;xx;Unknown
VUT;;Empten Lagoon
XUU;;Unknown
YEM;a;Al Hiswah/Aden
YEM;s;Sanaa
ZMB;L;Lusaka
ZMB;m;Makeni Ranch
ZWE;;Gweru
